TITLE,BULLET_POINTS,DESCRIPTION,PRODUCT_TYPE_ID,PRODUCT_LENGTH,TEXT_SUMMARY
"Happu - Printed Ceramic Coffee Mug, Motivational Quotes, You are What You Do, Gift for Coach, Gift for Artist, Gift for Coworkers, Gift for Fitness Freak, Gift for Teachers, 325 ML(11Oz), 2745-BP","[<p>&#127872 BEST QUALITY & PACKAGING - Mug is 11 Oz, 325 ML, Both Side Same Printed Design, Made Up of Best Quality & Durable White Ceramic Material. Prints on Coffee Mugs is of Top Quality, Corrugated Box Safe for Packaging </p>,<p>&#127872 GREAT APPEARANCE - This Lightweight Coffee Mug is Perfect in Size to Hold & To Have Your Favorite Beverage Anytime. Use it With Hot or Cold Beverage </p>,<p>&#127872 PERFECT GIFT - Gift Your Loved One With This Elegant Coffee Mug & Pass Your Wishes to Them </p>,<p>&#127872 STYLE & DESIGN - Our Graphic Design On Mugs are Simple but Elegant and Have Been Aesthetically Made Keeping in Mind of Emotions & Occasions. The C-Shaped Handle Allows Both Left- & Right-Hand Usage to Enjoy Your Favorite Beverage </p>,<p>&#127872 WASH CARE & INSTRUCTION - Product is Non-Toxic, BPA Free, Environment Friendly, Microwave Oven & Freezer Safe. Do Not Scrub from Outside of Mug or on Print, Do Not Use Dishwasher to Wash, Do Not Bleach or Use Harsh Detergents & Handle with Care NOTE - Color of the Actual Product Design May Slightly Vary due to Different Photographic Lighting Sources / Your Display Color Settings </p>]","<p>&#127872 Make Your Tea / Coffee Moment Delightful with these Stylish and Best Quality Mugs with Your Family and Friends.</p> <p>&#127872 Presenting a Stylish Attractive Coffee Mug from House of Happu Gifts.</p> <p>&#127872 Our Graphic Design On Mugs are Simple but Elegant and Have Been Aesthetically Made Keeping in Mind of Emotions and Occasions.</p> <p>&#127872 The C-Shaped Handle Allows Both Left and Right Hand Usage to Enjoy Your Favorite Beverage.</p> <p>&#127872 These Mugs are Best Used for Serving Tea, Coffee, Milk, Hot Chocolate, Green Tea, Black Tea, Black Coffee, Kawa, Milkshake, Lassi and Many More.</p> <p>&#127872 These Mugs will be Wonderful Addition to Your Home Kitchen. These Mugs are Extremely Durable with Regular Usage for a Long Time.</p> <p>&#127872 A Recommended Perfect Gift for Multiple Occasions Be it a Birthday, Anniversary, Wedding, Retirement, Friendship, Housewarming, Thanksgiving, Rakshabandhan, Bhaidooj, Diwali, Christmas and Many More....</p>",1396,511.8110231,"Happu - Printed Ceramic Coffee Mug, Motivational Quotes, You are What You Do, Gift for Coach, Gift for Artist, Gift for Coworkers, Gift for Fitness Freak, Gift for Teachers, 325 ML(11Oz), 2745-BP. [<p>&#127872 BEST QUALITY & PACKAGING - Mug is 11 Oz, 325 ML, Both Side Same Printed Design, Made Up of Best Quality & Durable White Ceramic Material. Prints on Coffee Mugs is of Top Quality, Corrugated Box Safe for Packaging </p>,<p>&#127872 GREAT APPEARANCE - This Lightweight Coffee Mug is Perfect in Size to Hold & To Have Your Favorite Beverage Anytime. Use it With Hot or Cold Beverage </p>,<p>&#127872 PERFECT GIFT - Gift Your Loved One With This Elegant Coffee Mug & Pass Your Wishes to Them </p>,<p>&#127872 STYLE & DESIGN - Our Graphic Design On Mugs are Simple but Elegant and Have Been Aesthetically Made Keeping in Mind of Emotions & Occasions. The C-Shaped Handle Allows Both Left- & Right-Hand Usage to Enjoy Your Favorite Beverage </p>,<p>&#127872 WASH CARE & INSTRUCTION - Product is Non-Toxic, BPA Free, Environment Friendly, Microwave Oven & Freezer Safe. Do Not Scrub from Outside of Mug or on Print, Do Not Use Dishwasher to Wash, Do Not Bleach or Use Harsh Detergents & Handle with Care NOTE - Color of the Actual Product Design May Slightly Vary due to Different Photographic Lighting Sources / Your Display Color Settings </p>]. <p>&#127872 Make Your Tea / Coffee Moment Delightful with these Stylish and Best Quality Mugs with Your Family and Friends.</p> <p>&#127872 Presenting a Stylish Attractive Coffee Mug from House of Happu Gifts.</p> <p>&#127872 Our Graphic Design On Mugs are Simple but Elegant and Have Been Aesthetically Made Keeping in Mind of Emotions and Occasions.</p> <p>&#127872 The C-Shaped Handle Allows Both Left and Right Hand Usage to Enjoy Your Favorite Beverage.</p> <p>&#127872 These Mugs are Best Used for Serving Tea, Coffee, Milk, Hot Chocolate, Green Tea, Black Tea, Black Coffee, Kawa, Milkshake, Lassi and Many More.</p> <p>&#127872 These Mugs will be Wonderful Addition to Your Home Kitchen. These Mugs are Extremely Durable with Regular Usage for a Long Time.</p> <p>&#127872 A Recommended Perfect Gift for Multiple Occasions Be it a Birthday, Anniversary, Wedding, Retirement, Friendship, Housewarming, Thanksgiving, Rakshabandhan, Bhaidooj, Diwali, Christmas and Many More....</p>"
Leave A Light On (Green Vinyl),No Bullet Points,No Description,804,1220.0,Leave A Light On (Green Vinyl). No Bullet Points. No Description
Pikkme Oneplus Nord Designer Printed Hard Back Cover Case for Oneplus Nord (Balloon Orange Red Mountains Black),"[Protection: Oneplus Nord Cover and Case by Pikkme provide best protection to your phone; it prevents it from the damages a smartphone got from falls and drops. It got camera bump to protect it from serious damages.,Quality: Our Back Cover for Oneplus Nord is made with high quality Poly-carbonate material which provides it sturdy grip and matte finish feel. They never get YELLOW like the SOFT Silicone Case get.,Print Quality & Warranty: Mobile Cover for Oneplus Nord printed by pikkme is the best cases you can get. These cases are printed with Original Korean - Ink Sublimation Technology which makes the print never fades away. We provide life time print warranty for our Oneplus Nord cases. Our print quality is much better than the print quality of soft cases as they got faded and cracks within a month or so.,Precision: The mobile cover for Oneplus Nord by pikkme is highly precise with the cut-outs and opening for ports and buttons. They provide easy access to all your buttons and earphone jack too.,Designs & Best Gift Item: Pikkme Oneplus Nord back cover are built with cool, funky and awesome designs in mind, we cater you the coolest phone cases ever for you device and not only that you can gift these cases to your loved ones too.]","Unique product by Pikkme Made with cutting edge sublimation printing technology, this polymer phone case by Pikkme is capable of withstanding a lot of intensive use without suffering as much as a scratch. The only phone case for mobile model Oneplus Nord is intended specifically for and fits the dimensions of this phone while leaving almost no space in between. Very colorful design is making the cover visually impressive even from afar. Serious protection Despite a very thin profile and negligible weight, the case is much stronger than it looks at first sight and won’t bend or break even if you drop the phone to the ground. Technical perfection Technical quality of Oneplus Nord case is off the charts, while worldwide delivery is lighting fast. Printing comes with a one-year warranty.",12064,787.401574,"Pikkme Oneplus Nord Designer Printed Hard Back Cover Case for Oneplus Nord (Balloon Orange Red Mountains Black). [Protection: Oneplus Nord Cover and Case by Pikkme provide best protection to your phone; it prevents it from the damages a smartphone got from falls and drops. It got camera bump to protect it from serious damages.,Quality: Our Back Cover for Oneplus Nord is made with high quality Poly-carbonate material which provides it sturdy grip and matte finish feel. They never get YELLOW like the SOFT Silicone Case get.,Print Quality & Warranty: Mobile Cover for Oneplus Nord printed by pikkme is the best cases you can get. These cases are printed with Original Korean - Ink Sublimation Technology which makes the print never fades away. We provide life time print warranty for our Oneplus Nord cases. Our print quality is much better than the print quality of soft cases as they got faded and cracks within a month or so.,Precision: The mobile cover for Oneplus Nord by pikkme is highly precise with the cut-outs and opening for ports and buttons. They provide easy access to all your buttons and earphone jack too.,Designs & Best Gift Item: Pikkme Oneplus Nord back cover are built with cool, funky and awesome designs in mind, we cater you the coolest phone cases ever for you device and not only that you can gift these cases to your loved ones too.]. Unique product by Pikkme Made with cutting edge sublimation printing technology, this polymer phone case by Pikkme is capable of withstanding a lot of intensive use without suffering as much as a scratch. The only phone case for mobile model Oneplus Nord is intended specifically for and fits the dimensions of this phone while leaving almost no space in between. Very colorful design is making the cover visually impressive even from afar. Serious protection Despite a very thin profile and negligible weight, the case is much stronger than it looks at first sight and won’t bend or break even if you drop the phone to the ground. Technical perfection Technical quality of Oneplus Nord case is off the charts, while worldwide delivery is lighting fast. Printing comes with a one-year warranty."
"iPhone Xs MAX Case, ZHIKE Anti-Peep Magnetic Adsorption Case Front and Back Tempered Glass Full Screen Coverage One-Piece Design Flip Privacy Cover for Apple iPhone Xs MAX (Anti Spy-Clear Golden)","[【Magnetic adsorption design】: Strong magnetic field adsorption technology take you to the new case era. From now on, case installing became a pleasure. It makes your iPhone stand out among crowd.,【Super easy installation】: Magnetic strong adsorption mobile phone shell (a total of 16 magnetic points) automatic closing, easy to assemble. More methods of installation are waiting for you to find out. (Note: Please remove the screen protector if there is a screen protector on your phone, otherwise it will affect the normal use of the phone case.),【Privacy Screen】: Only visible within +/- 30 degrees, it offers high definition when you view from the front. But the bystanders on both left and right sides can only see a black screen. Keeps your personal information safe from strange and curious eyes.,【All-round defence】: Full body metal frame protection & Anti-drop & Shock-absorbing design. Raised bezels lift screen and camera off flat surfaces, toughend nanoglass back, anti-scratch & anti-dirty, protect your phone from scratching, shock & smudge, premium materials offer unrivaled protection and enhanced durability.,【Precise Cut Outs】: Support wireless charging and will not affect the signal transmission. It's super seamless when the case pieces touch, slim cover fits well to your device and make it easy to access to all ports, speakers, chargers and all iPhone features.]","Note 1: Please install this phone case without the screen protector, you do not need to buy a screen protector.<br> Note 2: After wiping the screen inside the phone case, put the phone into the phone case.<br><br> <b>How to install the case for iPhone XS MAX?</b><br><br>1. Pick up the metal shell from the side of the phone case.<br><br>2. Put the mobile phone on the magnetic glass plate.<br><br>3. Make the magnetic metal shell adsorbed from the side of this case.<br><br>4. The assembly of the iPhone case is completed.<br><br><b>More ways to unlock waiting for you to play:</b><br><br>Unlock Method 1: Open from left/right<br><br>Unlock Method 2: Open from up/down<br><br><b>Product Description:</b><br>Product Weight: 40g / 1.4oz.<br>Material: metal frame + tempered glass back.<br>0.2mm high lens to prevent the iPhone camera from scratching.<br>Precise hole position, will not affect use.<br>Metal frame protection technology, protects it well.<br><br>Invisible magnetic sheet adsorption. Easy to assem and use.<br><br>High-hardness tempered glass back, protects your iPhone from scratching.<br><br>Package Included:<br><br>1 * Magnetic Adsorption iPhone Case<br><br><b>Warning:</b><br> <br>Beware of falling When you drop the phone, the magnets may fall off causing the phone to slide out of the case.</b>",2201,620.0,"iPhone Xs MAX Case, ZHIKE Anti-Peep Magnetic Adsorption Case Front and Back Tempered Glass Full Screen Coverage One-Piece Design Flip Privacy Cover for Apple iPhone Xs MAX (Anti Spy-Clear Golden). [【Magnetic adsorption design】: Strong magnetic field adsorption technology take you to the new case era. From now on, case installing became a pleasure. It makes your iPhone stand out among crowd.,【Super easy installation】: Magnetic strong adsorption mobile phone shell (a total of 16 magnetic points) automatic closing, easy to assemble. More methods of installation are waiting for you to find out. (Note: Please remove the screen protector if there is a screen protector on your phone, otherwise it will affect the normal use of the phone case.),【Privacy Screen】: Only visible within +/- 30 degrees, it offers high definition when you view from the front. But the bystanders on both left and right sides can only see a black screen. Keeps your personal information safe from strange and curious eyes.,【All-round defence】: Full body metal frame protection & Anti-drop & Shock-absorbing design. Raised bezels lift screen and camera off flat surfaces, toughend nanoglass back, anti-scratch & anti-dirty, protect your phone from scratching, shock & smudge, premium materials offer unrivaled protection and enhanced durability.,【Precise Cut Outs】: Support wireless charging and will not affect the signal transmission. It's super seamless when the case pieces touch, slim cover fits well to your device and make it easy to access to all ports, speakers, chargers and all iPhone features.]. Note 1: Please install this phone case without the screen protector, you do not need to buy a screen protector.<br> Note 2: After wiping the screen inside the phone case, put the phone into the phone case.<br><br> <b>How to install the case for iPhone XS MAX?</b><br><br>1. Pick up the metal shell from the side of the phone case.<br><br>2. Put the mobile phone on the magnetic glass plate.<br><br>3. Make the magnetic metal shell adsorbed from the side of this case.<br><br>4. The assembly of the iPhone case is completed.<br><br><b>More ways to unlock waiting for you to play:</b><br><br>Unlock Method 1: Open from left/right<br><br>Unlock Method 2: Open from up/down<br><br><b>Product Description:</b><br>Product Weight: 40g / 1.4oz.<br>Material: metal frame + tempered glass back.<br>0.2mm high lens to prevent the iPhone camera from scratching.<br>Precise hole position, will not affect use.<br>Metal frame protection technology, protects it well.<br><br>Invisible magnetic sheet adsorption. Easy to assem and use.<br><br>High-hardness tempered glass back, protects your iPhone from scratching.<br><br>Package Included:<br><br>1 * Magnetic Adsorption iPhone Case<br><br><b>Warning:</b><br> <br>Beware of falling When you drop the phone, the magnets may fall off causing the phone to slide out of the case.</b>"
Der Lügner.,No Bullet Points,No Description,1,452.755,Der Lügner.. No Bullet Points. No Description
"Youth Restoring Night Holiday Bundle - Glycolic Cleanser, Retinol Serum, Collagen Night Cream - Anti Aging Skin Care Kit Reduce Wrinkles, Fine Lines, Dark Spots & Hyperpigmentation - InstaNatural","[AGE DEFYING INGREDIENTS - At InstaNatural, we believe that addressing aging concerns requires a unique combination of the most effective actives, and infusing them with natural ingredients that are known to provide powerful benefits in the skin.,AS SEEN IN SHAPE MAGAZINE - InstaNatural's skin-refining Night Cream was featured in Shape Magazine as one of the best nighttime skin creams around. Powerful peptide Matrixyl Synthe'6 is combined with Vitamin C, Niacinamide and natural oils to firm and hydrate the skin.,BEAUTY RESULTS - At InstaNatural, we believe in the power of the best regimen. Our Cleanser, Serum and Moisturizing Cream Trio provides effective age-defying results for all skin types.,REVEAL RADIANCE - InstaNatural's Collagen Night Cream leaves the skin hydrated and plump as it supports collagen III synthesis for boosted skin elasticity for visibly lifted, firm skin. Packed with Vitamin C, this moisturizing cream will leave a toned, tightened appearance, giving you a smooth, radiant complexion.]","Glycolic Cleanser: Aqua, Decyl Glucoside*, Sodium Hydroxypropylsulfonate Laurylglucoside Crosspolymer*, Cocamidopropyl Hydroxysultaine*, Lauryl Glucoside*, Glycolic Acid**, Glycerin*, Propanediol*, Coco-Glucoside*, Glyceryl Oleate*, Arginine*, Cucumis Sativus (Cucumber) Fruit Extract, Chamomilla Recutita (Chamomile) Flower Extract, Camellia Sinensis Leaf Extract, Saccharum Officinarum Extract, Limnanthes Alba (Meadowfoam) Seed Oil, Hesperidin, Rosmarinus Officinalis (Rosemary) Leaf Extract, Centella Asiatica Extract, Hibiscus Rosa-Sinensis Flower Extract, Lactic Acid*, Citrus Limon (Lemon) Fruit Extract, Citrus Aurantium Dulcis (Orange) Fruit Extract, Pyrus Malus (Apple) Fruit Extract, Salix Alba (Willow) Bark Extract, Hydrolyzed Jojoba Esters*, Tetrasodium Glutamate Diacetate*, Sclerotium Gum*, Xanthan Gum*, Caprylhydroxamic Acid*, Glyceryl Caprylate*. *Naturally Derived ** Safe Synthetic Retinol Serum: Aqua, Aloe Barbadensis Leaf Juice, Glycerin*, Sodium Ascorbyl Phosphate**, Potassium Cetyl Phosphate**, Dimethyl Sulfone*, Niacinamide**, Dicaprylyl Ether*, Limnanthes Alba (Meadowfoam) Seed Oil, Sodium Hyaluronate*, Retinol**, Caprylic/Capric Triglyceride*, Ubiquinone**, Astaxanthin, Hesperidin, Rosmarinus Officinalis (Rosemary) Leaf Extract, Centella Asiatica Extract, Hibiscus Rosa-Sinensis Flower Extract, Salix Alba (Willow) Bark Extract, Glycyrrhiza Glabra (Licorice) Root Extract, Aurantium Dulcis (Orange) Peel Oil, Citrus Paradisi (Grapefruit) Peel Oil, Geranium Maculatum Extract, Camellia Sinensis Leaf Extract, Tocopherol*, Xanthan Gum*, Pentylene Glycol*, Caprylyl Glycol**, Ethylhexylglycerin**, Citric Acid*, Limonene*, Linalool*. *Naturally Derived ** Safe Synthetic Collagen Night Cream: Aqua, Polyglyceryl-6 Distearate*, Propanediol*, Squalane, Cetyl Alcohol*, Heptyl Undecylenate*, Glyceryl Caprylate*, Glycerin*, Simmondsia Chinensis (Jojoba) Seed Oil, Microcrystalline Cellulose*, Sodium Ascorbyl Phosphate**, Rosa Moschata Seed Oil, Limnanthes Al",10165,335.0,"Youth Restoring Night Holiday Bundle - Glycolic Cleanser, Retinol Serum, Collagen Night Cream - Anti Aging Skin Care Kit Reduce Wrinkles, Fine Lines, Dark Spots & Hyperpigmentation - InstaNatural. [AGE DEFYING INGREDIENTS - At InstaNatural, we believe that addressing aging concerns requires a unique combination of the most effective actives, and infusing them with natural ingredients that are known to provide powerful benefits in the skin.,AS SEEN IN SHAPE MAGAZINE - InstaNatural's skin-refining Night Cream was featured in Shape Magazine as one of the best nighttime skin creams around. Powerful peptide Matrixyl Synthe'6 is combined with Vitamin C, Niacinamide and natural oils to firm and hydrate the skin.,BEAUTY RESULTS - At InstaNatural, we believe in the power of the best regimen. Our Cleanser, Serum and Moisturizing Cream Trio provides effective age-defying results for all skin types.,REVEAL RADIANCE - InstaNatural's Collagen Night Cream leaves the skin hydrated and plump as it supports collagen III synthesis for boosted skin elasticity for visibly lifted, firm skin. Packed with Vitamin C, this moisturizing cream will leave a toned, tightened appearance, giving you a smooth, radiant complexion.]. Glycolic Cleanser: Aqua, Decyl Glucoside*, Sodium Hydroxypropylsulfonate Laurylglucoside Crosspolymer*, Cocamidopropyl Hydroxysultaine*, Lauryl Glucoside*, Glycolic Acid**, Glycerin*, Propanediol*, Coco-Glucoside*, Glyceryl Oleate*, Arginine*, Cucumis Sativus (Cucumber) Fruit Extract, Chamomilla Recutita (Chamomile) Flower Extract, Camellia Sinensis Leaf Extract, Saccharum Officinarum Extract, Limnanthes Alba (Meadowfoam) Seed Oil, Hesperidin, Rosmarinus Officinalis (Rosemary) Leaf Extract, Centella Asiatica Extract, Hibiscus Rosa-Sinensis Flower Extract, Lactic Acid*, Citrus Limon (Lemon) Fruit Extract, Citrus Aurantium Dulcis (Orange) Fruit Extract, Pyrus Malus (Apple) Fruit Extract, Salix Alba (Willow) Bark Extract, Hydrolyzed Jojoba Esters*, Tetrasodium Glutamate Diacetate*, Sclerotium Gum*, Xanthan Gum*, Caprylhydroxamic Acid*, Glyceryl Caprylate*. *Naturally Derived ** Safe Synthetic Retinol Serum: Aqua, Aloe Barbadensis Leaf Juice, Glycerin*, Sodium Ascorbyl Phosphate**, Potassium Cetyl Phosphate**, Dimethyl Sulfone*, Niacinamide**, Dicaprylyl Ether*, Limnanthes Alba (Meadowfoam) Seed Oil, Sodium Hyaluronate*, Retinol**, Caprylic/Capric Triglyceride*, Ubiquinone**, Astaxanthin, Hesperidin, Rosmarinus Officinalis (Rosemary) Leaf Extract, Centella Asiatica Extract, Hibiscus Rosa-Sinensis Flower Extract, Salix Alba (Willow) Bark Extract, Glycyrrhiza Glabra (Licorice) Root Extract, Aurantium Dulcis (Orange) Peel Oil, Citrus Paradisi (Grapefruit) Peel Oil, Geranium Maculatum Extract, Camellia Sinensis Leaf Extract, Tocopherol*, Xanthan Gum*, Pentylene Glycol*, Caprylyl Glycol**, Ethylhexylglycerin**, Citric Acid*, Limonene*, Linalool*. *Naturally Derived ** Safe Synthetic Collagen Night Cream: Aqua, Polyglyceryl-6 Distearate*, Propanediol*, Squalane, Cetyl Alcohol*, Heptyl Undecylenate*, Glyceryl Caprylate*, Glycerin*, Simmondsia Chinensis (Jojoba) Seed Oil, Microcrystalline Cellulose*, Sodium Ascorbyl Phosphate**, Rosa Moschata Seed Oil, Limnanthes Al"
"DC Men's Rival Skateboarding Shoe, Black/White, 7 M US","[Textile underlays,Foam padded tongue and collar for comfort,DC's trademarked ""Pill Pattern"" Tread]",DC Mens Rival Shoes Details: The nuts and bolts: High-top shoes. Mix of Nubuck and Leather Upper. Mesh Lining. Foam Padded Tongue and Collar for Comfort and Support. Wrap Cup Construction. Composition: Upper: Leather / Lining: Textile / Outsole: Rubber.,3225,1430.0,"DC Men's Rival Skateboarding Shoe, Black/White, 7 M US. [Textile underlays,Foam padded tongue and collar for comfort,DC's trademarked ""Pill Pattern"" Tread]. DC Mens Rival Shoes Details: The nuts and bolts: High-top shoes. Mix of Nubuck and Leather Upper. Mesh Lining. Foam Padded Tongue and Collar for Comfort and Support. Wrap Cup Construction. Composition: Upper: Leather / Lining: Textile / Outsole: Rubber."
"MALI ENTERPRISES (1 M x 12 M (3.2 FT x 40 FT)) Green Shade Net 90% UV Protected for Terrace, Garden, Green House, Balcony & Gardening Multipurpose with Attached Eyelets 90% Virgin","[Made out of 100% Virgin HDPE material and Higher degree of UV stabilization helps the shade nets last longer.,High chemical and Wind to Resistance.,Help in cultivation of flower plants, foliage plants, medicinal and aromatic plant, vegetable and spices and Help to enhance yield during summer season,Protections against pest attack and Protects crops from natural weather disturbance such as wind, rain hail, frost. Snow, bird, and insects.,Size :-]","MALI ENTERPRISES Green Shade Net 90 % Virgin UV Stabilization, Protect to Direct Sun Rays_Strong Border with Both Side Metal Eyelets_Longer life Durability_Sun Protection And Dust protection Netting_Material USABLE :- Usable in Garden And Farm plants for UV Sun protection... Usable in window,Gallery and Balcony cover_Usable for Car Cover for Dust protection And Sun protection_Usable For Stop Working Construction part_Usable for home Roof shade to protect sun rays_Usable for Indoor Outdoor Curtain.",5735,1200.0,"MALI ENTERPRISES (1 M x 12 M (3.2 FT x 40 FT)) Green Shade Net 90% UV Protected for Terrace, Garden, Green House, Balcony & Gardening Multipurpose with Attached Eyelets 90% Virgin. [Made out of 100% Virgin HDPE material and Higher degree of UV stabilization helps the shade nets last longer.,High chemical and Wind to Resistance.,Help in cultivation of flower plants, foliage plants, medicinal and aromatic plant, vegetable and spices and Help to enhance yield during summer season,Protections against pest attack and Protects crops from natural weather disturbance such as wind, rain hail, frost. Snow, bird, and insects.,Size :-]. MALI ENTERPRISES Green Shade Net 90 % Virgin UV Stabilization, Protect to Direct Sun Rays_Strong Border with Both Side Metal Eyelets_Longer life Durability_Sun Protection And Dust protection Netting_Material USABLE :- Usable in Garden And Farm plants for UV Sun protection... Usable in window,Gallery and Balcony cover_Usable for Car Cover for Dust protection And Sun protection_Usable For Stop Working Construction part_Usable for home Roof shade to protect sun rays_Usable for Indoor Outdoor Curtain."
Balloonistics Cake Table Birthday Decoration Centerpiece Pack of 2 (Space),"[COLORFUL BIRTHDAY PARTY DECORATION: These colorful centerpieces can easily create a happy and fun atmosphere for your party with pretty patterns and bright colors. The elegant designs are suitable for theme parties, birthday parties or baby showers.,Easy to assemble: It is so simple that you can assemble, save time and effort quickly, allowing you to enjoy a happy time.,Double-sided printing: The colorful birthday table decorations are made of thick cards and adopt high-tech digital printing to ensure that the product is seamless, durable, lightweight and non-fading; very suitable for your theme party supplies and decorations.,Scope of application: In addition to serving as themed birthday party celebrations or decorations, birthday party centerpieces make your party attractive and eye-catching, give you a happy time, and leave fond memories between all of you.,Give a magical look to your party table by bringing all the characters on it. Since they cannot make it to your party, use this Mickey Mouse clubhouse centerpiece to make their presence felt.]","COLORFUL BIRTHDAY PARTY DECORATION: These colorful centerpieces can easily create a happy and fun atmosphere for your party with pretty patterns and bright colors. The elegant designs are suitable for theme parties, birthday parties or baby showers.",7267,1200.0,"Balloonistics Cake Table Birthday Decoration Centerpiece Pack of 2 (Space). [COLORFUL BIRTHDAY PARTY DECORATION: These colorful centerpieces can easily create a happy and fun atmosphere for your party with pretty patterns and bright colors. The elegant designs are suitable for theme parties, birthday parties or baby showers.,Easy to assemble: It is so simple that you can assemble, save time and effort quickly, allowing you to enjoy a happy time.,Double-sided printing: The colorful birthday table decorations are made of thick cards and adopt high-tech digital printing to ensure that the product is seamless, durable, lightweight and non-fading; very suitable for your theme party supplies and decorations.,Scope of application: In addition to serving as themed birthday party celebrations or decorations, birthday party centerpieces make your party attractive and eye-catching, give you a happy time, and leave fond memories between all of you.,Give a magical look to your party table by bringing all the characters on it. Since they cannot make it to your party, use this Mickey Mouse clubhouse centerpiece to make their presence felt.]. COLORFUL BIRTHDAY PARTY DECORATION: These colorful centerpieces can easily create a happy and fun atmosphere for your party with pretty patterns and bright colors. The elegant designs are suitable for theme parties, birthday parties or baby showers."
"WTF Is My Password: Password Book, Password Log Book and Internet Password Organizer, Logbook To Protect Usernames Password With Alphabetically Organized, Floral Design Cover",No Bullet Points,No Description,1,600.0,"WTF Is My Password: Password Book, Password Log Book and Internet Password Organizer, Logbook To Protect Usernames Password With Alphabetically Organized, Floral Design Cover. No Bullet Points. No Description"
"Micromax C1 Back Cover, Designer Printed Back Case Cover for Micromax C1","[**Due to the nature of different monitors/tablets/smart phones, color variation may occur and the product may look slightly different in person being a handmade item**,Need an awesome phone case but on a budget? Our brand new line of Impact Resistant cases are designed for those who value quality and protection in their phone cases.,All Our cases are waterproof (your phone may not be!), UV/fade resistant, non-peeling, printed with vibrant eco-friendly inks, extremely slim fitting with access to all functions.,Your case is a *UV Printed item* using a state-of-the-art printing process. You can be rest assured that the print quality will be of the highest possible standard; we use High-Definition ink and equipments.]","Get Best Printed Cover for your phone, These Cover Printed through the UV Technology so it can be use for daily basis.",12064,393.700787,"Micromax C1 Back Cover, Designer Printed Back Case Cover for Micromax C1. [**Due to the nature of different monitors/tablets/smart phones, color variation may occur and the product may look slightly different in person being a handmade item**,Need an awesome phone case but on a budget? Our brand new line of Impact Resistant cases are designed for those who value quality and protection in their phone cases.,All Our cases are waterproof (your phone may not be!), UV/fade resistant, non-peeling, printed with vibrant eco-friendly inks, extremely slim fitting with access to all functions.,Your case is a *UV Printed item* using a state-of-the-art printing process. You can be rest assured that the print quality will be of the highest possible standard; we use High-Definition ink and equipments.]. Get Best Printed Cover for your phone, These Cover Printed through the UV Technology so it can be use for daily basis."
"Among us Keychain, Among us Game Toy Key Chain 2 Pack, Amung us toy keys, Imposter Among us Toy Kids, Almong us Keychain Ring Pink for Women, Personalized Keychain (Among-us-Keychain)","[★ Packgae : 2 Pack cute Among Us toys key chain,★ doll size (excluding keychain): about:1.9*1IN,★ Eco-friendly：The keychain is made of safe silicone & zinc alloy, environmentally friendly, non-toxic, safe and reliable, the key ring is very strong.,★ 2colors, green, blue,★ It's perfect for keys, bags, backpacks, cell phones, cars or other exquisite items.]","Perfect Key Chain, Backpack Chain To Add Color For Your Handbag, Keys, Wallet Or Car Or Other Items You Like, Suitable For People Of All Ages.<br><br>These cute little Among us are perfect for DIY key chain rings, backpack pendant decor, Suitable for both personal dress up and key decorations home decor and more. <br><br>Perfect Toy ,Mini Shape For Easy Storage And Carrying, It'S Also A Great Birthday Present, A Christmas Present For Kids There Are 6 Colors, Family For Christmas, Valentine'S Day And Other Holidays.",3453,190.0,"Among us Keychain, Among us Game Toy Key Chain 2 Pack, Amung us toy keys, Imposter Among us Toy Kids, Almong us Keychain Ring Pink for Women, Personalized Keychain (Among-us-Keychain). [★ Packgae : 2 Pack cute Among Us toys key chain,★ doll size (excluding keychain): about:1.9*1IN,★ Eco-friendly：The keychain is made of safe silicone & zinc alloy, environmentally friendly, non-toxic, safe and reliable, the key ring is very strong.,★ 2colors, green, blue,★ It's perfect for keys, bags, backpacks, cell phones, cars or other exquisite items.]. Perfect Key Chain, Backpack Chain To Add Color For Your Handbag, Keys, Wallet Or Car Or Other Items You Like, Suitable For People Of All Ages.<br><br>These cute little Among us are perfect for DIY key chain rings, backpack pendant decor, Suitable for both personal dress up and key decorations home decor and more. <br><br>Perfect Toy ,Mini Shape For Easy Storage And Carrying, It'S Also A Great Birthday Present, A Christmas Present For Kids There Are 6 Colors, Family For Christmas, Valentine'S Day And Other Holidays."
"Decor Production Love Theme MDF Scrapbook Memory Book, Photo Album for Memories, Gifting Purpose for Friends, Love, Birthday, Anniversary, Marriage etc_32","[MDF SCRAPBOOK PHOTO ALBUM, Size : (26 cm x 16 cm i.e 10x6 inch),As opposed to most flimsy photo albums our scrapbook is bound together with 2 adjustable metal buckles which allow you to add or remove pages freely. Made of premium quality materials it is as sturdy and durable as a book and will preserve your photos and memories for years to come. You can fill it up with shared memories and offer a unique gift to a loved one or gift it blank so that your recipient can create their own adventure book.,PERFECT FOR GIFTING: This scrapbook is designed for Meaningful Gift for families and friends, using thick kraft paper which is perfect for writing, drawing and storing photos. Surprise your boy/ girlfriend and families, collect your wonderful memories with our handmade DIY Scrapbook. Ideal gift for Valentine’s Day, Christmas, Anniversary, Mother's Day,, Birthday and Anniversary. A memory book of our own adventures, It also can be used as Travel Record, Wedding Album, Baby grow Album]","DECOR PRODUCTION presents to you this Creative MDF Photo Album Scrap Book. It's a wonderful idea to gift for your friends, family or relatives. Because there are memories that we may want to keep, to store, to share with family members, friends, records that in photo albums, decor it with hands, which would become a special collection. Hard wooden cover makes it sturdy and stylish, blank 30 black colour leaves are for photos, stickers, writing etc to creative memories with DIY photo albums, pick the happiest, most joyful, unforgettable moments which recorded on prints, decor it with scrapbooking supplies we carefully selected, come with our innermost thoughts and feelings, let it be a wonderful and precious gift., .",5504,1102.3622036,"Decor Production Love Theme MDF Scrapbook Memory Book, Photo Album for Memories, Gifting Purpose for Friends, Love, Birthday, Anniversary, Marriage etc_32. [MDF SCRAPBOOK PHOTO ALBUM, Size : (26 cm x 16 cm i.e 10x6 inch),As opposed to most flimsy photo albums our scrapbook is bound together with 2 adjustable metal buckles which allow you to add or remove pages freely. Made of premium quality materials it is as sturdy and durable as a book and will preserve your photos and memories for years to come. You can fill it up with shared memories and offer a unique gift to a loved one or gift it blank so that your recipient can create their own adventure book.,PERFECT FOR GIFTING: This scrapbook is designed for Meaningful Gift for families and friends, using thick kraft paper which is perfect for writing, drawing and storing photos. Surprise your boy/ girlfriend and families, collect your wonderful memories with our handmade DIY Scrapbook. Ideal gift for Valentine’s Day, Christmas, Anniversary, Mother's Day,, Birthday and Anniversary. A memory book of our own adventures, It also can be used as Travel Record, Wedding Album, Baby grow Album]. DECOR PRODUCTION presents to you this Creative MDF Photo Album Scrap Book. It's a wonderful idea to gift for your friends, family or relatives. Because there are memories that we may want to keep, to store, to share with family members, friends, records that in photo albums, decor it with hands, which would become a special collection. Hard wooden cover makes it sturdy and stylish, blank 30 black colour leaves are for photos, stickers, writing etc to creative memories with DIY photo albums, pick the happiest, most joyful, unforgettable moments which recorded on prints, decor it with scrapbooking supplies we carefully selected, come with our innermost thoughts and feelings, let it be a wonderful and precious gift., ."
Tomica action construction site (japan import),"[Japan Toy Car Model - Tomica action construction site *AF27*,w/tracking by Jp post]",Japan Toy Car Model - Tomica action construction site *AF27*0,985,835.0,"Tomica action construction site (japan import). [Japan Toy Car Model - Tomica action construction site *AF27*,w/tracking by Jp post]. Japan Toy Car Model - Tomica action construction site *AF27*0"
Couperin: La Paix Du Parnasse,No Bullet Points,No Description,744,560.0,Couperin: La Paix Du Parnasse. No Bullet Points. No Description
"Naiture Stainless Steel 72'' x 48'' Corner Shower Curtain Rod with Ceiling Support, Chrome Finish","[The rod was made of stainless steel which will never get rust.,Size: 72'' x 48'',Finish: Chrome,Rod may be cut to desired length. Includes one 36"" ceiling support which may be cut to needed length.,Shower curtain rod ships in three pieces. Simple assembly required.]","<b>Material: </b>Stainless Steel <br> <b>Size: </b>1"" OD <br> <b>Metal Thickness: </b>0.8mm <br> <b>Rod may be cut to desired length. Includes one 36"" ceiling support which may be cut to needed length. <br> <b>Shower curtain rod ships in three pieces. Simple assembly required.",1687,7200.0,"Naiture Stainless Steel 72'' x 48'' Corner Shower Curtain Rod with Ceiling Support, Chrome Finish. [The rod was made of stainless steel which will never get rust.,Size: 72'' x 48'',Finish: Chrome,Rod may be cut to desired length. Includes one 36"" ceiling support which may be cut to needed length.,Shower curtain rod ships in three pieces. Simple assembly required.]. <b>Material: </b>Stainless Steel <br> <b>Size: </b>1"" OD <br> <b>Metal Thickness: </b>0.8mm <br> <b>Rod may be cut to desired length. Includes one 36"" ceiling support which may be cut to needed length. <br> <b>Shower curtain rod ships in three pieces. Simple assembly required."
Qty 500 Small Index Card 3 x 5 Laminating Sleeves Hot Laminator Pouches 5 Mil,No Bullet Points,No Description,5125,500.0,Qty 500 Small Index Card 3 x 5 Laminating Sleeves Hot Laminator Pouches 5 Mil. No Bullet Points. No Description
"2X5, B. Wavy Stripes : Diagona Designs Contemporary Wavy Stripes Design Non-Slip Runner Area Rug, 20"" W x 59"" L, Multi Color",No Bullet Points,No Description,712,5900.0,"2X5, B. Wavy Stripes : Diagona Designs Contemporary Wavy Stripes Design Non-Slip Runner Area Rug, 20"" W x 59"" L, Multi Color. No Bullet Points. No Description"
SPYCLOUD Moda 4GB Pen Drive Spy Product,"[Video Resolution : 1920*1080,Image Resolution : 1600*1200,Unique Function : Sound record seperately ; Record Time : 1 hours,Storage Capacity : Max.32G TF card ; Package Size : 190*75*85MM ; Net Weight : 50g]","SPYCLOUD Spy products Features: 100% complete new. Built-in Microphone available. Flash Memory: No memory built-in. Latest fashionable appearance, outstanding video recording. With TF card slot, Support Max 16GB Micro SD card (card is not included) Easy to handle and portable using with stability, reliability and rapid response etc. Specifications: Video format:AVI Video encoding:M-JPEG Video resolution:720*480 VGA Video frame rate:30 FPS Picture format:JPG 1280*960 The ratio of image:4:3 Supporting system:Windows me/2000xp 2003/ vista Working hour:About 90 minutes Charge pressure:DC-5V Interface type:MINI 5pin USB Storage support:TF card (up to 16G ) Battery type:High-capacity polymer lithium polymer Charging time:About 3 hours Operating Temperature 0~40? package Includes: 1 x Spy Button DV 1 x USB Cable",2041,354.3307083,"SPYCLOUD Moda 4GB Pen Drive Spy Product. [Video Resolution : 1920*1080,Image Resolution : 1600*1200,Unique Function : Sound record seperately ; Record Time : 1 hours,Storage Capacity : Max.32G TF card ; Package Size : 190*75*85MM ; Net Weight : 50g]. SPYCLOUD Spy products Features: 100% complete new. Built-in Microphone available. Flash Memory: No memory built-in. Latest fashionable appearance, outstanding video recording. With TF card slot, Support Max 16GB Micro SD card (card is not included) Easy to handle and portable using with stability, reliability and rapid response etc. Specifications: Video format:AVI Video encoding:M-JPEG Video resolution:720*480 VGA Video frame rate:30 FPS Picture format:JPG 1280*960 The ratio of image:4:3 Supporting system:Windows me/2000xp 2003/ vista Working hour:About 90 minutes Charge pressure:DC-5V Interface type:MINI 5pin USB Storage support:TF card (up to 16G ) Battery type:High-capacity polymer lithium polymer Charging time:About 3 hours Operating Temperature 0~40? package Includes: 1 x Spy Button DV 1 x USB Cable"
Stylo Culture Traditional Polydupion Silk Decorative Cylindrical Tubular Bolster Cover Brown Mandala Jacquard Brocade Border Large Diwan Cylinder Masand Pillow Cover (1 Pc) | 30x15 Inches,"[Product Work: Jacquard brocade border | Material: Polydupion & Brocade,Color: Brown | Size in Inches: Length-30 x Width-15 inches (76x38 cm) | Shape: Cylindrical,Package Contents: 1 Bolster Cover | Pattern: Mandala & floral | Closer Type: Drawstring,Care Instructions: Gentle handwash in cold water or dry clean. Do not use strong detergent or bleach | Disclaimer: Color may slightly vary due to monitor resolution,Usage: Almost any Such As For Yoga, Neck Rest, Sofa Decor, Living Room Accessories, Bedroom Decor, use it as Decorative Accessories, for Outdoor and Traveling purposes. They are perfect for Gifting purpose as well. RECOMMENDED BOLSTER FILLER SIZE REQUIRED FOR THESE BOLSTER COVERS IS LENGTH-26 x Diameter-9 Inches (66x23 cm). Alteratively, they can be filled with duck feather cushions.]","Stylo Culture presents home decorative unique cylindrical bolster cover (also known as masand cover in India) made in poludupion fabric with jacquard brocade border. A bolster cover is a long narrow pillow cushion cover which can be filled with cotton, down or fibre. It is perfect for times you want to add some vibrancy into your home and will glorify your abode of happiness. Made in fine quality it is designed by expert artisans jacquard handloom with in Rajasthan - an Indian state known for art and craft. Besides providing utmost comfort, the traditional pattern will surely beautify the aura of your home and attract the attention of your guests. It is firm for back or arm support and can be used for decorative purposes. The bolster cover comes with drawstrings closure and the sales package is 1 Bolster Cover and it DOES NOT INCLUDE FILLER/INSERT. The size of the bolster cover is 30x15 inches (76x38 cm). Please refer to the product images to understand the sizing.",7256,2992.1259812,"Stylo Culture Traditional Polydupion Silk Decorative Cylindrical Tubular Bolster Cover Brown Mandala Jacquard Brocade Border Large Diwan Cylinder Masand Pillow Cover (1 Pc) | 30x15 Inches. [Product Work: Jacquard brocade border | Material: Polydupion & Brocade,Color: Brown | Size in Inches: Length-30 x Width-15 inches (76x38 cm) | Shape: Cylindrical,Package Contents: 1 Bolster Cover | Pattern: Mandala & floral | Closer Type: Drawstring,Care Instructions: Gentle handwash in cold water or dry clean. Do not use strong detergent or bleach | Disclaimer: Color may slightly vary due to monitor resolution,Usage: Almost any Such As For Yoga, Neck Rest, Sofa Decor, Living Room Accessories, Bedroom Decor, use it as Decorative Accessories, for Outdoor and Traveling purposes. They are perfect for Gifting purpose as well. RECOMMENDED BOLSTER FILLER SIZE REQUIRED FOR THESE BOLSTER COVERS IS LENGTH-26 x Diameter-9 Inches (66x23 cm). Alteratively, they can be filled with duck feather cushions.]. Stylo Culture presents home decorative unique cylindrical bolster cover (also known as masand cover in India) made in poludupion fabric with jacquard brocade border. A bolster cover is a long narrow pillow cushion cover which can be filled with cotton, down or fibre. It is perfect for times you want to add some vibrancy into your home and will glorify your abode of happiness. Made in fine quality it is designed by expert artisans jacquard handloom with in Rajasthan - an Indian state known for art and craft. Besides providing utmost comfort, the traditional pattern will surely beautify the aura of your home and attract the attention of your guests. It is firm for back or arm support and can be used for decorative purposes. The bolster cover comes with drawstrings closure and the sales package is 1 Bolster Cover and it DOES NOT INCLUDE FILLER/INSERT. The size of the bolster cover is 30x15 inches (76x38 cm). Please refer to the product images to understand the sizing."
