TITLE,BULLET_POINTS,DESCRIPTION,PRODUCT_TYPE_ID,PRODUCT_LENGTH,TEXT_SUMMARY,clean_summary
"KERZZIL Cute Bling Compatible with iPhone 12 Pro Max Case, Glitter Diamond Logo Circle Case for Girls Women PU Leather Protective Soft Silicone Cases Cover Back(Pink)","[Only Compatible with iPhone 12 Pro Max(2021) 6.7-inch. High quality material, Luxury Glitter Colorful Diamond Logo Circle profile,lightweight but durable,fashionable and shockproof.,This Luxury phone case is beautifully crafted with stylish glitter diamond and designed with Logo Circle pattern. It provides your iPhone with maximum protection while making you stand out in unique and creative style. Adorable, fashion design lets you mix and match with your favorite outfits and accessories.,Durable, Flexible, impact-resistant TPU provides reliable protection from scratches, scrapes, bumps, or falls.,Raised bezels provide added protection for camera and screen. The easy-to-grip and anti-slip design make it easy for you to hold and use your phone.,30 days money-back guarantee and warm customer service. If there's any problem with your purchase, please feel free to contact us, we will fix your issue within 24 hours.]",No Description,2210,640.0,"KERZZIL Cute Bling Compatible with iPhone 12 Pro Max Case, Glitter Diamond Logo Circle Case for Girls Women PU Leather Protective Soft Silicone Cases Cover Back(Pink). [Only Compatible with iPhone 12 Pro Max(2021) 6.7-inch. High quality material, Luxury Glitter Colorful Diamond Logo Circle profile,lightweight but durable,fashionable and shockproof.,This Luxury phone case is beautifully crafted with stylish glitter diamond and designed with Logo Circle pattern. It provides your iPhone with maximum protection while making you stand out in unique and creative style. Adorable, fashion design lets you mix and match with your favorite outfits and accessories.,Durable, Flexible, impact-resistant TPU provides reliable protection from scratches, scrapes, bumps, or falls.,Raised bezels provide added protection for camera and screen. The easy-to-grip and anti-slip design make it easy for you to hold and use your phone.,30 days money-back guarantee and warm customer service. If there's any problem with your purchase, please feel free to contact us, we will fix your issue within 24 hours.]. No Description","Luxury phone case is beautifully crafted with stylish glitter diamond and designed with Logo Circle pattern. It provides your iPhone with maximum protection while making you stand out in unique and creative style. Adorable, fashion design lets you mix and match with your favorite outfits and accessories. 30 days money-back guarantee and warm customer service."
Future 4 Student Book,No Bullet Points,No Description,93,3.937,Future 4 Student Book. No Bullet Points. No Description,Future 4 Student Book. No Bullet
"Tqka Wireless Charger, Fast Charge Charging Pad for iPhone X, 8, 8 Plus, Samsung Galaxy S8, S8 Plus, S7, S7 Edge, Note 8 and More - No Ac Adapter",No Bullet Points,No Description,4,393.0,"Tqka Wireless Charger, Fast Charge Charging Pad for iPhone X, 8, 8 Plus, Samsung Galaxy S8, S8 Plus, S7, S7 Edge, Note 8 and More - No Ac Adapter. No Bullet Points. No Description","Tqka Wireless Charger, Fast Charge Charging Pad for iPhone"
"Desai Sales Teflon Coated Spring Form Cake Mould Pan Set Baking Tray Removable Cake Mould (3 Pcs 18cm 20cm 22cm, Black)","[‚òÖ¬†Perfect bakeware -This springform pan set includes 3 pieces non-stick pans (6 inches, 8 inches, 10 inches).,‚òÖ¬†Convenience - The cake pan with a spring latch on the side, it is easy to open and close the detachable pan collar.,‚òÖ¬†Excellent Quality - The bakeware is made of durable carbon steel, resists warping, won't crack or rust. Double layer non-stick coating eliminates the need for flouring the pan.,‚òÖ¬†Various Applications - Suitable for all kinds of cake, such as pie, cheesecake, dessert, ice cream cake, etc. No doubt this mould is the best gift for our family or friends, cake lover.,‚òÖ¬†The Springform Pan with non-stick coating has a detachable base so you can transport, decorate and serve your baked masterpiece with ease. The set of 3 springform pans includes 3 different sizes for versatility. It can be used in microwave ovens with convection mode and normal OTG ovens.]","<ul><li>Economical commercial-grade bakeware for your home Developed exclusively, our commercial-quality Tin Set meets the highest standards for performance and durability. <br></li><li>It is constructed with the same features found in the best pans in the industry, so you can turn out professional-looking desserts in your home kitchen. <br></li><li>Durable and reliable by design Thick aluminized steel offers superior heat transfer and rust resistance, while the textured surface allows airflow for beautifully even overall results. <br></li><li>The fluted sides maximize strength, and they resist warping and denting that can occur from repeated use. <br></li><li>The eco-friendly nonstick coating is specially formulated for baking, and it contains no PTFEs or PFOAs.<br></li><li> No other surface releases food and cleans up more easily than our&nbsp; Cake Tin Set. <br></li><li>Suitable for a wide variety of baking needs.<br></li><li>The sturdiness of our&nbsp;Pan makes it ideal for heavy concoctions like quiches and fruit tarts, and gentle enough for delicate cheesecakes, ice cream cakes and 7-layer dips. <br></li><li>You can transport your masterpiece in the pan, remove the&nbsp;sides, and decorate your cake on-sight.<br></li><li> Then use the pan bottom as a serving dish.</li></ul><br/><br/>",6514,393.700787,"Desai Sales Teflon Coated Spring Form Cake Mould Pan Set Baking Tray Removable Cake Mould (3 Pcs 18cm 20cm 22cm, Black). [‚òÖ¬†Perfect bakeware -This springform pan set includes 3 pieces non-stick pans (6 inches, 8 inches, 10 inches).,‚òÖ¬†Convenience - The cake pan with a spring latch on the side, it is easy to open and close the detachable pan collar.,‚òÖ¬†Excellent Quality - The bakeware is made of durable carbon steel, resists warping, won't crack or rust. Double layer non-stick coating eliminates the need for flouring the pan.,‚òÖ¬†Various Applications - Suitable for all kinds of cake, such as pie, cheesecake, dessert, ice cream cake, etc. No doubt this mould is the best gift for our family or friends, cake lover.,‚òÖ¬†The Springform Pan with non-stick coating has a detachable base so you can transport, decorate and serve your baked masterpiece with ease. The set of 3 springform pans includes 3 different sizes for versatility. It can be used in microwave ovens with convection mode and normal OTG ovens.]. <ul><li>Economical commercial-grade bakeware for your home Developed exclusively, our commercial-quality Tin Set meets the highest standards for performance and durability. <br></li><li>It is constructed with the same features found in the best pans in the industry, so you can turn out professional-looking desserts in your home kitchen. <br></li><li>Durable and reliable by design Thick aluminized steel offers superior heat transfer and rust resistance, while the textured surface allows airflow for beautifully even overall results. <br></li><li>The fluted sides maximize strength, and they resist warping and denting that can occur from repeated use. <br></li><li>The eco-friendly nonstick coating is specially formulated for baking, and it contains no PTFEs or PFOAs.<br></li><li> No other surface releases food and cleans up more easily than our&nbsp; Cake Tin Set. <br></li><li>Suitable for a wide variety of baking needs.<br></li><li>The sturdiness of our&nbsp;Pan makes it ideal for heavy concoctions like quiches and fruit tarts, and gentle enough for delicate cheesecakes, ice cream cakes and 7-layer dips. <br></li><li>You can transport your masterpiece in the pan, remove the&nbsp;sides, and decorate your cake on-sight.<br></li><li> Then use the pan bottom as a serving dish.</li></ul><br/><br/>","Desai Sales Teflon Coated Spring Form Cake Mould Pan Set Baking Tray Removable Cake M mould (3 Pcs 18cm 20cm 22cm, Black). [‚òÖ¬†Perfect bakeware -This springform pan set includes 3 pieces non-stick pans (6 inches, 8 inches, 10 inches).,‚òÖ¬†Convenience - The cake pan with a spring latch on the side, it is easy to open and close the detachable pan collar."
Jack Gets His Man: A humorous senior sleuth cozy mystery: 2 (The Gray-Haired Knitting Detectives),No Bullet Points,No Description,12745,500.0,Jack Gets His Man: A humorous senior sleuth cozy mystery: 2 (The Gray-Haired Knitting Detectives). No Bullet Points. No Description,The Gray-Haired Knitting
Mickey Mouse Family by Wear Your Mind Girl's Character Print Regular T-Shirt (DMFGCT031.2_Black22 7-8Y),"[Officially Licensed Merchendise,Bio Washed Cotton]",No Description,2778,999.998,"Mickey Mouse Family by Wear Your Mind Girl's Character Print Regular T-Shirt (DMFGCT031.2_Black22 7-8Y). [Officially Licensed Merchendise,Bio Washed Cotton]. No Description",Wear Your Mind Girl's Character
Frisch hapeziert: Meine besten Kolumnen : 2 CDs,No Bullet Points,No Description,1,551.18,Frisch hapeziert: Meine besten Kolumnen : 2 CDs. No Bullet Points. No Description,Fisch hapeziert:
"Ekena Millwork OUT06X22X26TRA01RWR Traditional Rough Sawn Outlooker, 6"" Width x 22"" Depth x 26"" Height, Western Red Cedar","[Authentic detail and craftsmanship,Crafted from the finest North American woods,Made in the USA,Perfect for interior or exterior use,Thousands of sizes and styles available]",No Description,10747,2200.0,"Ekena Millwork OUT06X22X26TRA01RWR Traditional Rough Sawn Outlooker, 6"" Width x 22"" Depth x 26"" Height, Western Red Cedar. [Authentic detail and craftsmanship,Crafted from the finest North American woods,Made in the USA,Perfect for interior or exterior use,Thousands of sizes and styles available]. No Description",Ekena Millwork OUT06X22X26TRA01RWR Traditional Rough
All the Good Shit,No Bullet Points,No Description,829,559.054,All the Good Shit. No Bullet Points. No Description,No Bullet Points. All the Good
"S. P. PHARMACEUTICALS SARGUN BADAM YUKT Hair Oil, Pack of 1","[Almond Oil has 6x Vitamin E that helps reduce hairfall and gives beautiful and strong hair.,It is light hair oil having no stickiness, which makes you enjoy different hair styles daily,Hair Type: Suitable for any hair style; Does not freeze in winters,Usage: Apply the oil all over your head, Gently massage the oil onto your scalp using your fingertips, Leave the oil on for an hour, Rinse it off,Shelf Life - 36 Months From the Date of Manufacturing]","The new and better Almond Drops Hair Oil has 6x Vitamin E that helps reduce hairfall and gives beautiful, strong hair. It is light, non sticky and the perfect solution for your hairfall worries. Now style your hair any way you want without any fear of hairfall.It is known to reduce frizz and dandruff, get rid of split ends and make your hair shine. Rich in vitamins D and E and minerals such as calcium ...",5075,374.01574765,"S. P. PHARMACEUTICALS SARGUN BADAM YUKT Hair Oil, Pack of 1. [Almond Oil has 6x Vitamin E that helps reduce hairfall and gives beautiful and strong hair.,It is light hair oil having no stickiness, which makes you enjoy different hair styles daily,Hair Type: Suitable for any hair style; Does not freeze in winters,Usage: Apply the oil all over your head, Gently massage the oil onto your scalp using your fingertips, Leave the oil on for an hour, Rinse it off,Shelf Life - 36 Months From the Date of Manufacturing]. The new and better Almond Drops Hair Oil has 6x Vitamin E that helps reduce hairfall and gives beautiful, strong hair. It is light, non sticky and the perfect solution for your hairfall worries. Now style your hair any way you want without any fear of hairfall.It is known to reduce frizz and dandruff, get rid of split ends and make your hair shine. Rich in vitamins D and E and minerals such as calcium ...","Almond Oil has 6x Vitamin E that helps reduce hairfall and gives beautiful and strong hair. Light hair oil has no stickiness, which makes you enjoy different hair styles daily. Suitable for any hair style; Does not freeze in winters."
"Happile School Bags back pack ‚ÄìRed, multicolour (2-5 Yrs Apt for Play School Kids )-Small School Bag",No Bullet Points,"Happile kids School Bags back pack (For Play School Kids ) ‚Äì (Small Bag) Blue,multicolour for Boys and girls With Amazing character.Suitable for kids from 2-5years It's lightweight, with adjustable padding shoulder straps, which greatly reduce the pressure to shoulders.Crafted with environment friendly material.Attractive,Adorable and vibrant Colors. trendy & stylish with enough space for your kids daily stuff including side bottle pocket.girlish bag for school going Kids. Colour might little vary",2297,1141.7322823,"Happile School Bags back pack ‚ÄìRed, multicolour (2-5 Yrs Apt for Play School Kids )-Small School Bag. No Bullet Points. Happile kids School Bags back pack (For Play School Kids ) ‚Äì (Small Bag) Blue,multicolour for Boys and girls With Amazing character.Suitable for kids from 2-5years It's lightweight, with adjustable padding shoulder straps, which greatly reduce the pressure to shoulders.Crafted with environment friendly material.Attractive,Adorable and vibrant Colors. trendy & stylish with enough space for your kids daily stuff including side bottle pocket.girlish bag for school going Kids. Colour might little vary","Happile School Bags back pack ‚ÄìRed, multicolour (2-5 Yrs Apt for Play School Kids )-Small School Bag. No Bullet Points."
Hot Ice Cream: Inspiring Life Lessons from Our Children,No Bullet Points,No Description,87,550.0,Hot Ice Cream: Inspiring Life Lessons from Our Children. No Bullet Points. No Description,Hot Ice Cream: Inspiring Life
Cell Phone Ring Holder (2 Pack) High Viscosity Finger Stand Grip Reusable Washable 360 Rotation Universal Smartphone Kickstand for iPhone ipad Samsung Google HTC Most (BlackSilver) by SPCEUTOH,No Bullet Points,No Description,4,453.0,Cell Phone Ring Holder (2 Pack) High Viscosity Finger Stand Grip Reusable Washable 360 Rotation Universal Smartphone Kickstand for iPhone ipad Samsung Google HTC Most (BlackSilver) by SPCEUTOH. No Bullet Points. No Description,Samsung Google HTC Most (BlackSilver) by SPCEUTOH
"KEEN Men's Revel III Winter Boot, Magnet/Tawny Olive, 7.5 M US","[Lace-up boot featuring breathable, waterproof KEEN.Dry membrane and plush padded collar,Pull-on loops at tongue and counter. Fit Tip-This style is running a half size small. Suggest ordering a half size larger than usual size,200g KEEN.Warm insulation,Dual-compound snow and ice grippy rubber outsole]","KEEN.Dry√¢"" is a proprietary waterproof, breathable membrane that lets vapor out. 200g KEEN.Warm√¢"" lightweight anti-microbial insulation to keep you warm. Traditional lace-up design with metal hardware for a secure fit. Gator ring hook. Moisture-wicking lining for better breathability and a drier foot environment. Heat Trapolator underfoot insulation system traps heat in a three layer material to hold warm air in. Cushioned footbed for all-day comfort. Compression-molded EVA midsole offer shock-absorption and padding for all-day comfort. TPU stability shank with a shellback heel support. KEEN Patented Toe Protection wraps up and over the toes for ultimate protection. 4mm multi-directional lugs. Nonmarking rubber outsole with dual compound snow and ice technology so the sole holds its ground.",3242,1500.0,"KEEN Men's Revel III Winter Boot, Magnet/Tawny Olive, 7.5 M US. [Lace-up boot featuring breathable, waterproof KEEN.Dry membrane and plush padded collar,Pull-on loops at tongue and counter. Fit Tip-This style is running a half size small. Suggest ordering a half size larger than usual size,200g KEEN.Warm insulation,Dual-compound snow and ice grippy rubber outsole]. KEEN.Dry√¢"" is a proprietary waterproof, breathable membrane that lets vapor out. 200g KEEN.Warm√¢"" lightweight anti-microbial insulation to keep you warm. Traditional lace-up design with metal hardware for a secure fit. Gator ring hook. Moisture-wicking lining for better breathability and a drier foot environment. Heat Trapolator underfoot insulation system traps heat in a three layer material to hold warm air in. Cushioned footbed for all-day comfort. Compression-molded EVA midsole offer shock-absorption and padding for all-day comfort. TPU stability shank with a shellback heel support. KEEN Patented Toe Protection wraps up and over the toes for ultimate protection. 4mm multi-directional lugs. Nonmarking rubber outsole with dual compound snow and ice technology so the sole holds its ground."," KEEN.Dry√¢"" is a proprietary waterproof, breathable membrane that lets vapor out. Heat Trapolator underfoot insulation system traps heat in a three layer material to hold warm air in. Compression-molded EVA midsole offer shock-absorption and padding for all-day comfort."
"HAKKU 4513454101972 Idea Sekikawa Aluminum Hammer Marked Butter Knife Black, Medium","[Simple design makes this butter knife set match your flatware extremely. When you spreading butter with your breakfast, you will fall in love with it,knives set are just more nimble and easier to use for butter honey, mayo, mustard, jam, peanut butter, cream cheese. It will make you feel like a master sandwich maker, and get that butter spread evenly to the four corners of the toast,The blade of the knife is not sharp, no chance of cutting people's fingers as they are completely dull, but also works really well in cutting butter and makes spreading real easy,Package Length of the Product: 6.54""]",No Description,8501,654.0,"HAKKU 4513454101972 Idea Sekikawa Aluminum Hammer Marked Butter Knife Black, Medium. [Simple design makes this butter knife set match your flatware extremely. When you spreading butter with your breakfast, you will fall in love with it,knives set are just more nimble and easier to use for butter honey, mayo, mustard, jam, peanut butter, cream cheese. It will make you feel like a master sandwich maker, and get that butter spread evenly to the four corners of the toast,The blade of the knife is not sharp, no chance of cutting people's fingers as they are completely dull, but also works really well in cutting butter and makes spreading real easy,Package Length of the Product: 6.54""]. No Description","Knives set are just more nimble and easier to use for butter honey, mayo, mustard, jam, peanut butter, cream cheese. No chance of cutting people's fingers as they are completely dull."
Women's Christmas Hooded Pockets Pullover Hoodie Dress Tunic Sweatshirt Long Sleeve Hoodies,"[‚õÑMaterial:Polyester. The Fabric Has Good Elasticity, Lightweight, Breathable, Soft, Comfortable to Wear.,‚õÑDesign: Long sleeve with hooded. Exquisite and interesting Christmas pattern printing design, casual slim version make you attract the attention of the crowd no matter where you are.,‚õÑPerfect Gift Choice: Women's long sleeve hooded dress for women with pocket can be easily combined with jeans, leggings, shorts, boot, skinny pants.This is an indispensable piece of clothing in every girl's wardrobe.You can give it as a birthday Christmas present graduation gift to you girlfriend sister mother aunt neighbor employee colleague friend.,‚õÑOccasion: This personalized fun hoodies pullover ladies autumn winter is suitable for a casual everyday look and all occasions, especially for office, parties, clubbing and dating. When you wear this you get a lot of compliments.,‚õÑDaliy Care: Delivery only takes 8-15 days. Hand wash recommended, machine wash with cold water, do not bleach, do not iron, hang or line dry.Please allow 1-2cm measuring deviation due to manual measurement. Please check the Size Chart before order. The actual color may differ slightly from the displayed image. Make sure you get the right size, please refer to our size chart before buying !!! If you dont sure choose which size, please choose larger size than you before or contact us thanks.]","<br> <b> üëâNote: </b> <br> <br> üì¢ Compare the detail sizes with yours. Please allow 1-2cm (1 inch = 2.54cm) different due to manual measurement. <br> <br> üì¢Pictures may be slightly different from the actual item due to the lighting and monitor. <br> <br> üì®If you receive damaged items or something goes wrong, please email us. We will try our best to solve the problem. <br> <br> üëç If you are satisfied with our product or service, hope you can leave your feedback! <br> <br> <b> üëâPlease Check the Size: </b> <br> <br> Size: S shoulder: 52cm/20.47'' Bust: 100cm/39.37'' Length: 82cm/32.28'' sleeve: 70cm/27.56'' <br> <br> Size: M shoulder: 53cm/20.87'' Bust: 105cm/41.34'' Length: 83cm/32.68'' sleeve: 71cm/27.95'' <br> <br> Size: L shoulder: 54cm/21.26'' Bust: 110cm/43.31'' Length: 84cm/33.07'' sleeve: 72cm/28.35'' <br> <br> Size: XL shoulder: 55cm/21.65'' Bust: 115cm/45.28'' Length: 85cm/33.46'' sleeve: 73cm/28.74'' <br> <br> Size: XXL shoulder: 56cm/22.05'' Bust: 120cm/47.24'' Length: 86cm/33.86'' sleeve: 74cm/29.13'' <br> <br> Size: XXXL shoulder: 57cm/22.44'' Bust: 125cm/49.21'' Length: 87cm/34.25'' sleeve: 75cm/29.53'' <br>",2987,590.5511805,"Women's Christmas Hooded Pockets Pullover Hoodie Dress Tunic Sweatshirt Long Sleeve Hoodies. [‚õÑMaterial:Polyester. The Fabric Has Good Elasticity, Lightweight, Breathable, Soft, Comfortable to Wear.,‚õÑDesign: Long sleeve with hooded. Exquisite and interesting Christmas pattern printing design, casual slim version make you attract the attention of the crowd no matter where you are.,‚õÑPerfect Gift Choice: Women's long sleeve hooded dress for women with pocket can be easily combined with jeans, leggings, shorts, boot, skinny pants.This is an indispensable piece of clothing in every girl's wardrobe.You can give it as a birthday Christmas present graduation gift to you girlfriend sister mother aunt neighbor employee colleague friend.,‚õÑOccasion: This personalized fun hoodies pullover ladies autumn winter is suitable for a casual everyday look and all occasions, especially for office, parties, clubbing and dating. When you wear this you get a lot of compliments.,‚õÑDaliy Care: Delivery only takes 8-15 days. Hand wash recommended, machine wash with cold water, do not bleach, do not iron, hang or line dry.Please allow 1-2cm measuring deviation due to manual measurement. Please check the Size Chart before order. The actual color may differ slightly from the displayed image. Make sure you get the right size, please refer to our size chart before buying !!! If you dont sure choose which size, please choose larger size than you before or contact us thanks.]. <br> <b> üëâNote: </b> <br> <br> üì¢ Compare the detail sizes with yours. Please allow 1-2cm (1 inch = 2.54cm) different due to manual measurement. <br> <br> üì¢Pictures may be slightly different from the actual item due to the lighting and monitor. <br> <br> üì®If you receive damaged items or something goes wrong, please email us. We will try our best to solve the problem. <br> <br> üëç If you are satisfied with our product or service, hope you can leave your feedback! <br> <br> <b> üëâPlease Check the Size: </b> <br> <br> Size: S shoulder: 52cm/20.47'' Bust: 100cm/39.37'' Length: 82cm/32.28'' sleeve: 70cm/27.56'' <br> <br> Size: M shoulder: 53cm/20.87'' Bust: 105cm/41.34'' Length: 83cm/32.68'' sleeve: 71cm/27.95'' <br> <br> Size: L shoulder: 54cm/21.26'' Bust: 110cm/43.31'' Length: 84cm/33.07'' sleeve: 72cm/28.35'' <br> <br> Size: XL shoulder: 55cm/21.65'' Bust: 115cm/45.28'' Length: 85cm/33.46'' sleeve: 73cm/28.74'' <br> <br> Size: XXL shoulder: 56cm/22.05'' Bust: 120cm/47.24'' Length: 86cm/33.86'' sleeve: 74cm/29.13'' <br> <br> Size: XXXL shoulder: 57cm/22.44'' Bust: 125cm/49.21'' Length: 87cm/34.25'' sleeve: 75cm/29.53'' <br>","Women's Christmas Hooded Pockets Pullover Hoodie Dress Tunic Sweatshirt Long Sleeve Hoodies. Women's long sleeve hooded dress for women with pocket can be easily combined with jeans, leggings, shorts, boot, skinny pants. Delivery only takes 8-15 days. Hand wash recommended. Do not bleach, do not iron, hang or line dry. Please allow 1-2cm measuring deviation due to manual measurement."
Retired Electrician - Fix It Yourself!: Blank Lined Notebook Journal (Funny Retirement Gifts),No Bullet Points,No Description,146,600.0,Retired Electrician - Fix It Yourself!: Blank Lined Notebook Journal (Funny Retirement Gifts). No Bullet Points. No Description,Retired Electrician - Fix It
"Pioneer Wallet Oxford Bound Photo Album, Solid Color Sewn Leatherette Covers wivh Brass Accent Corners, Holds 24 2.5x3.5 Wallet Photos, 1 Per Page, Color: Navy Blue. by Pioneer Photo Albums",No Bullet Points,"Pioneer Wallet Oxford Bound Photo Album, Solid Color Sewn Leatherette Covers wivh Brass Accent Corners, Holds 24 2.5x3.5"" Wallet Photos, 1 Per Page, Color: Navy Blue.",5504,400.0,"Pioneer Wallet Oxford Bound Photo Album, Solid Color Sewn Leatherette Covers wivh Brass Accent Corners, Holds 24 2.5x3.5 Wallet Photos, 1 Per Page, Color: Navy Blue. by Pioneer Photo Albums. No Bullet Points. Pioneer Wallet Oxford Bound Photo Album, Solid Color Sewn Leatherette Covers wivh Brass Accent Corners, Holds 24 2.5x3.5"" Wallet Photos, 1 Per Page, Color: Navy Blue.","Pioneer Wallet Oxford Bound Photo Album, Solid Color Sewn Leatherette Covers wivh Brass Accent Corners"
Le pouvoir des t√©n√®bres,No Bullet Points,No Description,99,600.0,Le pouvoir des t√©n√®bres. No Bullet Points. No Description,Le pouvoir des t
George Eliot: Life And Literature [Region Free],No Bullet Points,No Description,3,750.0,George Eliot: Life And Literature [Region Free]. No Bullet Points. No Description,George Eliot: Life And Literature [
